1A-FE-34-9E-2E-03,1AFE349E2E03,18-FE-34-9E-2E-03,18FE349E2E03
1A-FE-34-9E-2E-03,1AFE349E2E03,18-FE-34-9E-2E-03,18FE349E2E03
1A-FE-34-9E-2E-03,1AFE349E2E03,18-FE-34-9E-2E-03,18FE349E2E03
1A-FE-34-9E-2E-03,1AFE349E2E03,18-FE-34-9E-2E-03,18FE349E2E03
1A-FE-34-9E-2E-03,1AFE349E2E03,18-FE-34-9E-2E-03,18FE349E2E03
1A-FE-34-9E-2E-03,1AFE349E2E03,18-FE-34-9E-2E-03,18FE349E2E03
1A-FE-34-9E-2E-03,1AFE349E2E03,18-FE-34-9E-2E-03,18FE349E2E03
1A-FE-34-9E-2E-03,1AFE349E2E03,18-FE-34-9E-2E-03,18FE349E2E03
1A-FE-34-9E-2E-03,1AFE349E2E03,18-FE-34-9E-2E-03,18FE349E2E03
1A-FE-34-9E-2E-03,1AFE349E2E03,18-FE-34-9E-2E-03,18FE349E2E03
1A-FE-34-9E-2E-03,1AFE349E2E03,18-FE-34-9E-2E-03,18FE349E2E03
1A-FE-34-9E-2E-03,1AFE349E2E03,18-FE-34-9E-2E-03,18FE349E2E03
1A-FE-34-9E-2E-03,1AFE349E2E03,18-FE-34-9E-2E-03,18FE349E2E03
1A-FE-34-9E-2E-03,1AFE349E2E03,18-FE-34-9E-2E-03,18FE349E2E03
1A-FE-34-9E-2E-03,1AFE349E2E03,18-FE-34-9E-2E-03,18FE349E2E03
1A-FE-34-9E-2E-03,1AFE349E2E03,18-FE-34-9E-2E-03,18FE349E2E03
1A-FE-34-9E-2E-03,1AFE349E2E03,18-FE-34-9E-2E-03,18FE349E2E03
1A-FE-34-9E-2E-03,1AFE349E2E03,18-FE-34-9E-2E-03,18FE349E2E03
1A-FE-34-9E-2E-03,1AFE349E2E03,18-FE-34-9E-2E-03,18FE349E2E03
1A-FE-34-9E-2E-03,1AFE349E2E03,18-FE-34-9E-2E-03,18FE349E2E03
1A-FE-34-9E-2E-03,1AFE349E2E03,18-FE-34-9E-2E-03,18FE349E2E03
1A-FE-34-9E-2E-03,1AFE349E2E03,18-FE-34-9E-2E-03,18FE349E2E03
1A-FE-34-9E-2E-03,1AFE349E2E03,18-FE-34-9E-2E-03,18FE349E2E03
1A-FE-34-9E-2E-03,1AFE349E2E03,18-FE-34-9E-2E-03,18FE349E2E03
1A-FE-34-9E-2E-03,1AFE349E2E03,18-FE-34-9E-2E-03,18FE349E2E03
1A-FE-34-9E-2E-03,1AFE349E2E03,18-FE-34-9E-2E-03,18FE349E2E03
1A-FE-34-9E-2E-03,1AFE349E2E03,18-FE-34-9E-2E-03,18FE349E2E03
1A-FE-34-9E-2E-03,1AFE349E2E03,18-FE-34-9E-2E-03,18FE349E2E03
1A-FE-34-9E-2E-03,1AFE349E2E03,18-FE-34-9E-2E-03,18FE349E2E03
1A-FE-34-9E-2E-03,1AFE349E2E03,18-FE-34-9E-2E-03,18FE349E2E03
1A-FE-34-9E-2E-03,1AFE349E2E03,18-FE-34-9E-2E-03,18FE349E2E03
1A-FE-34-9E-2E-03,1AFE349E2E03,18-FE-34-9E-2E-03,18FE349E2E03
1A-FE-34-9E-2E-03,1AFE349E2E03,18-FE-34-9E-2E-03,18FE349E2E03
1A-FE-34-9E-2E-03,1AFE349E2E03,18-FE-34-9E-2E-03,18FE349E2E03
